{
  "label": "mac-10000-d5ae2c4",
  "timestamp_unix": 1778048560,
  "git_commit": "unknown",
  "rust_version": "unknown",
  "args": {
    "rate": 10000,
    "duration_s": 30,
    "batch_size": 100,
    "waveform_samples": 0
  },
  "pipeline": {
    "events_sent": 300000,
    "events_received": 300000,
    "batches_sent": 3000,
    "batches_received": 3000,
    "drops": 0,
    "throughput_eps": 10002.556806225371,
    "throughput_mbps": 0.22228055163581453,
    "latency_p50_us": 155,
    "latency_p95_us": 229,
    "latency_p99_us": 485
  },
  "per_boundary_us": {
    "encode_mean": 22.290333333333333,
    "send_mean": 68.112,
    "recv_mean": 9989.261,
    "decode_mean": 22.324666666666666
  },
  "bytes": {
    "total_wire_bytes": 6666712,
    "bytes_per_event": 22.222373333333334
  }
}